{"cameraMode":{"drawMode":0,"name":"Shaded","section":"Shading Mode"},"sceneLighting":false,"audioPlay":false,"sceneViewState":{"showFog":false,"showMaterialUpdate":false,"showSkybox":false,"showFlares":false,"showImageEffects":false,"showParticleSystems":false},"in2DMode":false,"pivot":{"x":-3.6387622356414797,"y":0.5034672021865845,"z":0.0003420114517211914},"rotation":{"x":0.004187817219644785,"y":-0.004807700868695974,"z":-0.00001969380900845863,"w":-0.9999797344207764},"size":1.053227186203003,"orthographic":false}